{
    "posts": [
        {
            "id": 1,
            "title": "json-server",
            "author": "typicode",
            "newprop": "Something new..."
        },
        {
            "id": 2,
            "newprop": "Something new..."
        },
        {
            "id": 3,
            "newprop": "Something new... patched"
        },
        {
            "entirenew": "Something entire new... PUTed",
            "id": 4
        },
        {
            "proba": "proba bla bla 16",
            "test": 4,
            "id": 5
        },
        {
            "proba": "proba bla bla 16",
            "test": 4,
            "id": 6
        },
        {
            "id": 8
        },
        {
            "id": 9
        },
        {
            "id": 10
        },
        {
            "id": 11
        },
        {
            "id": 12
        },
        {
            "id": 13
        },
        {
            "id": 14,
            "bb": 22
        },
        {
            "id": 15
        },
        {
            "id": 16
        },
        {
            "id": 17
        },
        {
            "id": 18
        },
        {
            "aaa": "111",
            "id": 19
        },
        {
            "id": 20
        },
        {
            "id": 21
        },
        {
            "id": 22
        },
        {
            "id": 23
        },
        {
            "id": 24
        },
        {
            "d": "4",
            "id": 25
        },
        {
            "id": 26
        },
        {
            "e": 5,
            "id": 27
        },
        {
            "proba": "proba bla bla 24",
            "id": 28
        },
        {
            "id": 29
        },
        {
            "id": 30
        },
        {
            "id": 31
        },
        {
            "id": 32
        },
        {
            "f": 6,
            "id": 33
        },
        {
            "id": 34
        },
        {
            "id": 35
        }
    ],
    "comments": [
        {
            "id": 1,
            "body": "some comment",
            "postId": 1
        }
    ],
    "profile": {
        "name": "typicode"
    }
}