{
    "posts": [
        {
            "id": 1,
            "user_id": 1,
            "text": "prvi post",
            "timestamp": 1662067768662
        },
        {
            "id": 2,
            "user_id": 2,
            "text": "drugi post",
            "timestamp": 1662067768662
        },
        {
            "text": "New comment\n",
            "user_id": 1,
            "post_id": 31,
            "timestamp": 1673644258962,
            "id": 33
        }
    ],
    "users": [
        {
            "username": "boki",
            "password": "boki",
            "avatar_src": "\/static\/img\/avatar1.png",
            "id": 1
        },
        {
            "username": "marko",
            "password": "marko",
            "avatar_src": "\/static\/img\/zagor.jpg",
            "id": 2
        },
        {
            "username": "petar",
            "password": "petar",
            "avatar_src": "\/static\/img\/avatar3.png",
            "id": 3
        }
    ],
    "likes": [
        {
            "post_id": 1,
            "user_id": 2,
            "like": false,
            "id": 1
        },
        {
            "post_id": 33,
            "user_id": 1,
            "like": true,
            "id": 11
        },
        {
            "post_id": 34,
            "user_id": 1,
            "like": false,
            "id": 12
        }
    ],
    "reactions": [
        {
            "post_id": 1,
            "user_id": 1,
            "reaction": "LOVE",
            "id": 1
        },
        {
            "post_id": 2,
            "user_id": 1,
            "reaction": "HAHA",
            "id": 2
        },
        {
            "post_id": 34,
            "user_id": 1,
            "reaction": "LOVE",
            "id": 3
        }
    ],
    "comments": [
        {
            "text": "Novi komentar",
            "user_id": 1,
            "post_id": 33,
            "timestamp": 1673645970629,
            "id": 1
        },
        {
            "text": "drugi komentar",
            "user_id": 1,
            "post_id": 33,
            "timestamp": 1673645995840,
            "id": 2
        },
        {
            "text": "Kako si boki?",
            "user_id": 2,
            "post_id": 33,
            "timestamp": 1674508543233,
            "id": 3
        },
        {
            "text": "gfd",
            "user_id": 1,
            "post_id": 33,
            "timestamp": 1676688574697,
            "id": 4
        }
    ]
}